{
  "last_check_time": 1746536730.0079591,
  "last_tweet_time": 1746535811.869968,
  "daily_tweet_count": 1,
  "tweet_history": [
    "395a31e8"
  ],
  "market_history": [
    "0x5f32ae29ef46f063c580ae1d59c0cb2ee5658b715e188c933df67a423629303e"
  ]
}